race_code,Ｒ,場コード,距離,コース,頭数,クラス名,馬番,枠番,ketto_toroku_bango,馬名,年齢,性別,騎手,調教師,馬主(最新/仮想),斤量,オッズ,人気,場所
2026062802010601,01,02,1200,17,08,703,01,1,2024104976,チカバリエンテ,02,2,小林美駒,藤野健太,藤原牧場,520,0074,05,函館
2026062802010601,01,02,1200,17,08,703,02,2,2024105339,パンジャケリー,02,1,岩田望来,橋田宜長,Ｄｅｅｐ　Ｃｒｅｅｋ,550,0052,04,函館
2026062802010601,01,02,1200,17,08,703,03,3,2024106849,ウィルレーヴィア,02,1,横山琉人,尾形和幸,島川　隆哉,550,0731,07,函館
2026062802010601,01,02,1200,17,08,703,04,4,2024102398,キセキノユニコーン,02,1,古川奈穂,伊坂重信,清水　真由美,530,0038,02,函館
2026062802010601,01,02,1200,17,08,703,05,5,2024102983,シークレットタワー,02,1,丹内祐次,金成貴史,山口　春夫,550,0050,03,函館
2026062802010601,01,02,1200,17,08,703,06,6,2024100352,ガーシュウィン,02,1,河原田菜,和田雄二,田島　榮二郎,510,0851,08,函館
2026062802010601,01,02,1200,17,08,703,07,7,2024103288,ダイシンドラゴン,02,1,佐々木大,高橋一哉,大八木　信行,550,0024,01,函館
2026062802010601,01,02,1200,17,08,703,08,8,2024100607,アイルドフルール,02,2,北村友一,田中克典,多田　信尊,550,0376,06,函館
2026062802010602,02,02,1700,24,14,703,01,1,2023106570,メイショウタイザン,03,1,横山琉人,高橋義忠,松本　好隆,570,0077,04,函館
2026062802010602,02,02,1700,24,14,703,02,2,2023104684,ロジクリスエス,03,3,黛弘人　,新開幸一,久米田　正平,570,0414,10,函館
2026062802010602,02,02,1700,24,14,703,03,3,2023104042,ライカ,03,1,大野拓弥,杉浦宏昭,山岸　桂市,570,0048,02,函館
2026062802010602,02,02,1700,24,14,703,04,3,2023101035,テリコス,03,1,岩田康誠,四位洋文,平沼　龍漢,570,0125,06,函館
2026062802010602,02,02,1700,24,14,703,05,4,2023104101,テンレッドサン,03,2,丹内祐次,西園翔太,天白　泰司,550,0026,01,函館
2026062802010602,02,02,1700,24,14,703,06,4,2023105187,アドフランマム,03,1,遠藤汰月,本田優　,榊原　源一郎,540,0727,11,函館
2026062802010602,02,02,1700,24,14,703,07,5,2023107245,マルシュボヌール,03,2,舟山瑠泉,柴田卓　,キャロットファーム,540,0217,07,函館
2026062802010602,02,02,1700,24,14,703,08,5,2023101979,サンオブザサン,03,1,斎藤新　,高橋一哉,岡田　牧雄,570,0323,08,函館
2026062802010602,02,02,1700,24,14,703,09,6,2023101236,スマートイデアル,03,2,河原田菜,角田晃一,大川　徹,510,1774,13,函館
2026062802010602,02,02,1700,24,14,703,10,6,2023104474,ヒルノボローニャ,03,3,横山和生,昆貢　　,ヒルノ,570,0055,03,函館
2026062802010602,02,02,1700,24,14,703,11,7,2023100695,モノノケ,03,2,和田陽希,宮地貴稔,岡　浩二,520,2098,14,函館
2026062802010602,02,02,1700,24,14,703,12,7,2023103280,ロスニーニョス,03,1,古川吉洋,大根田裕,小濱　正智,570,0377,09,函館
2026062802010602,02,02,1700,24,14,703,13,8,2023102435,ルナノーヴァ,03,1,小沢大仁,緒方努　,ノルマンディーサラブレッドレーシング,570,1297,12,函館
2026062802010602,02,02,1700,24,14,703,14,8,2023103360,ヤマメイッカ,03,1,佐々木大,久保田貴,越村　哲男,570,0084,05,函館
2026062802010603,03,02,1000,24,11,703,01,1,2023107403,エコロセレナ,03,2,斎藤新　,斎藤誠　,原村　正紀,550,0072,03,函館
2026062802010603,03,02,1000,24,11,703,02,2,2023102951,アジーザム,03,2,岩田康誠,松尾卓哉,飯田　貴大,550,1322,10,函館
2026062802010603,03,02,1000,24,11,703,03,3,2023106975,ビップアリス,03,2,原優介　,松下武士,鈴木　邦英,550,1919,11,函館
2026062802010603,03,02,1000,24,11,703,04,4,2023105382,ブザービーター,03,1,長浜鴻緒,黒岩陽一,Ｙ’ｓレーシング,560,0602,07,函館
2026062802010603,03,02,1000,24,11,703,05,5,2023101742,ホワイトラバーズ,03,2,古川吉洋,大根田裕,上山　貴永,550,0874,09,函館
2026062802010603,03,02,1000,24,11,703,06,5,2023104093,ハナイロマヒナ,03,2,北村友一,高橋亮　,岩崎　僖澄,550,0290,06,函館
2026062802010603,03,02,1000,24,11,703,07,6,2023102427,イングラム,03,1,舟山瑠泉,千田輝彦,ノルマンディーサラブレッドレーシング,560,0016,01,函館
2026062802010603,03,02,1000,24,11,703,08,6,2023105630,ビタミンドロップ,03,1,丹内祐次,松山将樹,山口　裕介,570,0049,02,函館
2026062802010603,03,02,1000,24,11,703,09,7,2023100596,ジャーナーリア,03,1,遠藤汰月,本田優　,本間　茂,540,0000,00,函館
2026062802010603,03,02,1000,24,11,703,10,7,2023102388,ウィズアツインクル,03,1,佐々木大,牧光二　,岡田　牧雄,570,0104,05,函館
2026062802010603,03,02,1000,24,11,703,11,8,2023100977,コシタンタン,03,2,鷲頭虎太,竹内正洋,由井　健太郎,530,0707,08,函館
2026062802010603,03,02,1000,24,11,703,12,8,2023100276,ヴェンデボヌール,03,1,小林美駒,久保田貴,福原　有一,540,0076,04,函館
2026062802010604,04,02,2600,17,16,703,01,1,2023103767,ミカレオス,03,1,荻野琢真,河嶋宏樹,Ｋ’ｓレースホース,570,3802,16,函館
2026062802010604,04,02,2600,17,16,703,02,1,2023102410,ブリックアブラック,03,1,横山琉人,高木登　,岡田　牧雄,570,0935,12,函館
2026062802010604,04,02,2600,17,16,703,03,2,2023103522,フォーチュンローズ,03,2,佐々木大,上原佑紀,社台レースホース,550,0046,02,函館
2026062802010604,04,02,2600,17,16,703,04,2,2023105874,ウインブリザード,03,1,岩田康誠,深山雅史,ウイン,570,0241,08,函館
2026062802010604,04,02,2600,17,16,703,05,3,2023104671,ブッチギレ,03,1,遠藤汰月,栗田徹　,エスペランサ,540,1577,14,函館
2026062802010604,04,02,2600,17,16,703,06,3,2023104926,アルタティール,03,1,長浜鴻緒,手塚貴久,ＤＭＭドリームクラブ,560,0853,11,函館
2026062802010604,04,02,2600,17,16,703,07,4,2023104855,カノープス,03,2,原優介　,辻哲英　,杵臼牧場,550,2057,15,函館
2026062802010604,04,02,2600,17,16,703,08,4,2023100217,ソルトハッピー,03,1,吉田隼人,荒川義之,杉浦　敏夫,570,0071,04,函館
2026062802010604,04,02,2600,17,16,703,09,5,2023105881,ウインアトム,03,1,和田陽希,寺島良　,ウイン,540,0690,10,函館
2026062802010604,04,02,2600,17,16,703,10,5,2023105322,ホウオウファミリー,03,1,舟山瑠泉,田中博康,小笹　芳央,560,0037,01,函館
2026062802010604,04,02,2600,17,16,703,11,6,2023103901,ヴィラジョヴィス,03,2,小林美駒,小栗実　,ライオンレースホース,520,0098,06,函館
2026062802010604,04,02,2600,17,16,703,12,6,2023101168,タビニュ,03,1,池添謙一,松尾卓哉,ゴドルフィン,570,0055,03,函館
2026062802010604,04,02,2600,17,16,703,13,7,2023103461,ジングアップ,03,1,岩田望来,大竹正博,社台レースホース,570,0081,05,函館
2026062802010604,04,02,2600,17,16,703,14,7,2023106079,ノリマル,03,1,丹内祐次,尾形和幸,中谷　典生,570,0100,07,函館
2026062802010604,04,02,2600,17,16,703,15,8,2023100622,ティラユール,03,1,大久保友,北出成人,松本　俊廣,540,1009,13,函館
2026062802010604,04,02,2600,17,16,703,16,8,2023103548,ダイナソーコー,03,1,武豊　　,藤岡健一,伊藤　弘人,570,0399,09,函館
2026062802010605,05,02,1200,17,06,701,01,1,2024100176,ショパンコンクール,02,1,丹内祐次,岩戸孝樹,小菅　誠,550,0040,02,函館
2026062802010605,05,02,1200,17,06,701,02,2,2024108226,シグレ,02,2,武豊　　,武英智　,ケーエスＨＤ,550,0013,01,函館
2026062802010605,05,02,1200,17,06,701,03,3,2024104575,ウメヒナタ,02,2,佐々木大,橋田宜長,紀州ほそ川飼料,550,0120,04,函館
2026062802010605,05,02,1200,17,06,701,04,4,2024101600,ソウカイファミリア,02,1,横山和生,鈴木慎太,大脇　佑樹,550,0097,03,函館
2026062802010605,05,02,1200,17,06,701,05,5,2024106919,アズライトティアラ,02,2,小沢大仁,浜田多実,荒井　泰樹,550,0507,06,函館
2026062802010605,05,02,1200,17,06,701,06,6,2024106897,ルミナスジェム,02,2,小林美駒,中村直也,Ｇ１レーシング,520,0283,05,函館
2026062802010606,06,02,2000,17,16,703,01,1,2023106817,アルペングロー,03,1,北村友一,上村洋行,キャロットファーム,570,0150,05,函館
2026062802010606,06,02,2000,17,16,703,02,1,2023107035,エクラドット,03,1,舟山瑠泉,西田雄一,キャロットファーム,560,0432,12,函館
2026062802010606,06,02,2000,17,16,703,03,2,2023103175,セイントクーヤ,03,1,長浜鴻緒,黒岩陽一,小島　章義,560,0600,13,函館
2026062802010606,06,02,2000,17,16,703,04,2,2023100604,ショウナンアワード,03,1,斎藤新　,東田明士,国本　哲秀,570,0412,11,函館
2026062802010606,06,02,2000,17,16,703,05,3,2023102511,ビップジョワ,03,2,小林美駒,高柳瑞樹,鈴木　邦英,520,1302,15,函館
2026062802010606,06,02,2000,17,16,703,06,3,2023103607,ロッサコメータ,03,2,岩田望来,吉岡辰弥,ライオンレースホース,550,0109,03,函館
2026062802010606,06,02,2000,17,16,703,07,4,2023101000,フローレンスフーガ,03,1,古川吉洋,四位洋文,ヒダカ・ブリーダーズ・ユニオン,570,0360,08,函館
2026062802010606,06,02,2000,17,16,703,08,4,2023106800,コティノス,03,1,浜中俊　,須貝尚介,キャロットファーム,570,0390,10,函館
2026062802010606,06,02,2000,17,16,703,09,5,2023102915,テンレディーゴー,03,1,吉田隼人,菊川正達,天白　泰司,570,1840,16,函館
2026062802010606,06,02,2000,17,16,703,10,5,2023106380,ベネディクション,03,2,古川奈穂,矢作芳人,広尾レース,530,0178,06,函館
2026062802010606,06,02,2000,17,16,703,11,6,2023102424,シーガルワールド,03,2,横山和生,栗田徹　,山田　弘,550,0051,02,函館
2026062802010606,06,02,2000,17,16,703,12,6,2023103867,アート,03,1,和田陽希,杉山晴紀,石川　達絵,540,0389,09,函館
2026062802010606,06,02,2000,17,16,703,13,7,2023100771,マジックファイヤー,03,1,丹内祐次,浅利英明,Ｈｉｍ　Ｒｏｃｋ　Ｒａｃｉｎｇホールディングス,570,0317,07,函館
2026062802010606,06,02,2000,17,16,703,14,7,2023101375,マテンロウオリジン,03,1,池添謙一,坂口智康,寺田　千代乃,570,0018,01,函館
2026062802010606,06,02,2000,17,16,703,15,8,2023104002,ハルノアメ,03,1,河原田菜,上原博之,酒井　孝敏,530,0113,04,函館
2026062802010606,06,02,2000,17,16,703,16,8,2023106607,ブランニューホーム,03,1,黛弘人　,深山雅史,ミルファーム,570,0774,14,函館
2026062802010607,07,02,1700,24,10,005,01,1,2021105857,ウィンターガーデン,05,2,舟山瑠泉,井上智史,キャロットファーム,550,0341,07,函館
2026062802010607,07,02,1700,24,10,005,02,2,2023105830,ビーチイン,03,2,横山和生,和田勇介,中村　伊三美,530,0048,03,函館
2026062802010607,07,02,1700,24,10,005,03,3,2023105977,キタノサリスカ,03,2,和田陽希,羽月友彦,北所　直人,500,0437,08,函館
2026062802010607,07,02,1700,24,10,005,04,4,2022101678,キャットテイル,04,2,河原田菜,野中賢二,ゴドルフィン,520,0067,04,函館
2026062802010607,07,02,1700,24,10,005,05,5,2021105238,アリストクラシア,05,2,岩田望来,吉岡辰弥,社台レースホース,560,0034,01,函館
2026062802010607,07,02,1700,24,10,005,06,6,2023107075,ガーネットフレア,03,2,鮫島克駿,杉山佳明,キャロットファーム,530,0068,05,函館
2026062802010607,07,02,1700,24,10,005,07,7,2022102388,ヒミノエトワール,04,2,武豊　　,宮地貴稔,佐々木　八郎,560,0035,02,函館
2026062802010607,07,02,1700,24,10,005,08,7,2022105267,サウンドルーチェ,04,2,小林美駒,渡辺薫彦,増田　雄一,530,0106,06,函館
2026062802010607,07,02,1700,24,10,005,09,8,2023105672,ゴールドヴィーナス,03,2,松本大輝,森秀行　,ゴールドレーシング,530,0854,10,函館
2026062802010607,07,02,1700,24,10,005,10,8,2023107384,シャンデヴィーニュ,03,2,北村友一,柴田卓　,シルクレーシング,530,0588,09,函館
2026062802010608,08,02,1200,17,13,005,01,1,2021102433,アートフォーム,05,2,和田陽希,畑端省吾,Ｇ１レーシング,530,2647,13,函館
2026062802010608,08,02,1200,17,13,005,02,2,2021102312,ストレイトアスク,05,2,小林美駒,藤原英昭,廣崎利洋ＨＤ,530,0261,07,函館
2026062802010608,08,02,1200,17,13,005,03,3,2023106176,メーゼ,03,2,鷲頭虎太,菊沢隆徳,古賀　禎彦,510,0476,09,函館
2026062802010608,08,02,1200,17,13,005,04,4,2020100707,クレセントウイング,06,3,舟山瑠泉,高橋文雅,ヒダカ・ブリーダーズ・ユニオン,570,0130,06,函館
2026062802010608,08,02,1200,17,13,005,05,4,2022101920,マグネシアブリック,04,3,坂井瑠星,中舘英二,金子真人ホールディングス,580,0491,10,函館
2026062802010608,08,02,1200,17,13,005,06,5,2023102812,ディーズメンフィス,03,2,河原田菜,村田一誠,秋谷　壽之,500,0059,04,函館
2026062802010608,08,02,1200,17,13,005,07,5,2022103899,グリフォン,04,2,斎藤新　,小椋研介,村木　慎吾,560,0322,08,函館
2026062802010608,08,02,1200,17,13,005,08,6,2023104856,マイケルバローズ,03,1,岩田望来,上村洋行,猪熊　広次,550,0051,03,函館
2026062802010608,08,02,1200,17,13,005,09,6,2023104909,レオアジャイル,03,2,大野拓弥,杉浦宏昭,レオ,530,0048,02,函館
2026062802010608,08,02,1200,17,13,005,10,7,2022105415,ソードマスター,04,1,長浜鴻緒,小笠倫弘,社台レースホース,570,0822,11,函館
2026062802010608,08,02,1200,17,13,005,11,7,2023105868,ナクソス,03,1,松本大輝,井上智史,岡田　牧雄,550,1431,12,函館
2026062802010608,08,02,1200,17,13,005,12,8,2023107231,ニルマーネル,03,2,横山和生,小島茂之,キャロットファーム,530,0030,01,函館
2026062802010608,08,02,1200,17,13,005,13,8,2023102475,コスモレッド,03,2,池添謙一,北出成人,ウエストヒルズ,530,0070,05,函館
2026062802010609,09,02,1800,17,10,005,01,1,2023104386,カムアップローゼス,03,1,岩田望来,浜田多実,前田　幸治,550,0018,01,函館
2026062802010609,09,02,1800,17,10,005,02,2,2023106226,ナムラヒナギク,03,2,小沢大仁,大橋勇樹,奈村　睦弘,530,0110,05,函館
2026062802010609,09,02,1800,17,10,005,03,3,2022102135,ゴーゴータカシ,04,3,吉田隼人,武井亮　,井山　登,580,0076,03,函館
2026062802010609,09,02,1800,17,10,005,04,4,2023101382,ドッグウッド,03,1,斎藤新　,斎藤誠　,林　瑛子,550,0039,02,函館
2026062802010609,09,02,1800,17,10,005,05,5,2023104690,ネッタイヤライ,03,1,坂井瑠星,矢作芳人,犬塚　悠治郎,550,0104,04,函館
2026062802010609,09,02,1800,17,10,005,06,6,2019100907,ゼアズノープレイス,07,1,的場勇人,的場均　,谷口　祐人,580,3061,10,函館
2026062802010609,09,02,1800,17,10,005,07,7,2022104724,ハルフロンティア,04,1,舟山瑠泉,池添学　,ＭＯＭＯレーシング,580,0119,06,函館
2026062802010609,09,02,1800,17,10,005,08,7,2022102896,ハミルトン,04,1,鮫島克駿,高野友和,ターフ・スポート,580,0464,07,函館
2026062802010609,09,02,1800,17,10,005,09,8,2022106807,マイネルイグザルト,04,1,原優介　,佐藤吉勝,サラブレッドクラブ・ラフィアン,580,1077,09,函館
2026062802010609,09,02,1800,17,10,005,10,8,2022105400,ピティロディア,04,1,丹内祐次,室井潔　,吉田　照哉,580,0605,08,函館
2026062802010610,10,02,1700,24,00,010,01,1,2022102138,プリンセッサ,04,2,岩田望来,牧田和弥,永田　和彦,560,0000,00,函館
2026062802010610,10,02,1700,24,00,010,02,2,2021102219,コパノエビータ,05,2,長浜鴻緒,手塚貴久,小林　祥晃,560,0000,00,函館
2026062802010610,10,02,1700,24,00,010,03,3,2022103753,ネクストダンサー,04,2,黛弘人　,伊藤圭三,是枝　浩平,560,0000,00,函館
2026062802010610,10,02,1700,24,00,010,04,4,2022100629,コンティオ,04,2,横山和生,和田勇介,中村　伊三美,560,0000,00,函館
2026062802010610,10,02,1700,24,00,010,05,5,2022105981,ブラックルビー,04,2,北村友一,平岩大典,岩崎　義久,560,0000,00,函館
2026062802010610,10,02,1700,24,00,010,06,6,2022102952,ユージュアーナ,04,2,武豊　　,奥村豊　,長澤　稔,560,0000,00,函館
2026062802010610,10,02,1700,24,00,010,07,6,2022105569,ルージュマローネ,04,2,佐々木大,栗田徹　,東京ホースレーシング,560,0000,00,函館
2026062802010610,10,02,1700,24,00,010,08,7,2022102220,ニシノラヴァンダ,04,2,横山琉人,奥平雅士,西山　茂行,560,0000,00,函館
2026062802010610,10,02,1700,24,00,010,09,7,2022104512,タマモカンパネラ,04,2,原優介　,伊藤圭三,タマモ,560,0000,00,函館
2026062802010610,10,02,1700,24,00,010,10,8,2022106209,ウインシャーガス,04,2,鮫島克駿,杉山晴紀,ウイン,560,0000,00,函館
2026062802010610,10,02,1700,24,00,010,11,8,2021105415,ドーンコーラス,05,2,丹内祐次,大竹正博,ＮＩＣＫＳ,560,0000,00,函館
2026062802010611,11,02,2000,17,00,999,01,1,2022106633,バルナバ,04,1,斎藤新　,浜田多実,ノースヒルズ,550,0000,00,函館
2026062802010611,11,02,2000,17,00,999,02,2,2022104218,ファウストラーゼン,04,1,小林美駒,須貝尚介,宮崎　俊也,560,0000,00,函館
2026062802010611,11,02,2000,17,00,999,03,2,2021101134,ピースワンデュック,05,1,佐々木大,大竹正博,長谷川　成利,550,0000,00,函館
2026062802010611,11,02,2000,17,00,999,04,3,2022104772,マジックサンズ,04,1,横山和生,須貝尚介,サンデーレーシング,580,0000,00,函館
2026062802010611,11,02,2000,17,00,999,05,3,2022100699,イガッチ,04,1,浜中俊　,笹田和秀,猪又　晶介,550,0000,00,函館
2026062802010611,11,02,2000,17,00,999,06,4,2019101422,サンストックトン,07,1,松本大輝,堀内岳志,加藤ステーブル,540,0000,00,函館
2026062802010611,11,02,2000,17,00,999,07,4,2018104609,チャックネイト,08,3,鮫島克駿,堀宣行　,金子真人ホールディングス,580,0000,00,函館
2026062802010611,11,02,2000,17,00,999,08,5,2019100318,ケイアイセナ,07,1,武豊　　,平田修　,亀田　和弘,575,0000,00,函館
2026062802010611,11,02,2000,17,00,999,09,5,2019104756,オニャンコポン,07,3,横山琉人,小島茂之,田原　邦男,540,0000,00,函館
2026062802010611,11,02,2000,17,00,999,10,6,2022102296,ケリフレッドアスク,04,2,北村友一,藤原英昭,廣崎　利洋,550,0000,00,函館
2026062802010611,11,02,2000,17,00,999,11,6,2022104813,ジュタ,04,1,坂井瑠星,矢作芳人,ラ・メール,560,0000,00,函館
2026062802010611,11,02,2000,17,00,999,12,7,2022105073,エコロディノス,04,1,池添謙一,大久保龍,原村　正紀,570,0000,00,函館
2026062802010611,11,02,2000,17,00,999,13,7,2017104756,アラタ,09,1,大野拓弥,和田勇介,村田　能光,580,0000,00,函館
2026062802010611,11,02,2000,17,00,999,14,8,2022105175,フィーリウス,04,1,丹内祐次,手塚貴久,落合　幸弘,560,0000,00,函館
2026062802010611,11,02,2000,17,00,999,15,8,2019104878,デビットバローズ,07,3,岩田望来,上村洋行,猪熊　広次,580,0000,00,函館
2026062802010612,12,02,1200,17,00,010,01,1,2020105073,ガットネロ,06,2,小沢大仁,東田明士,山口　敦広,560,0000,00,函館
2026062802010612,12,02,1200,17,00,010,02,2,2022100933,エルサトアナ,04,2,池添謙一,本田優　,三石川上牧場,560,0000,00,函館
2026062802010612,12,02,1200,17,00,010,03,3,2021110119,サンドロナイト,05,2,北村友一,茶木太樹,吉田　和美,560,0000,00,函館
2026062802010612,12,02,1200,17,00,010,04,3,2023106665,ウチュウノセカイ,03,1,原優介　,青木孝文,長塩　豊,550,0000,00,函館
2026062802010612,12,02,1200,17,00,010,05,4,2022103556,キープサインオン,04,1,岩田望来,加藤征弘,諸江　幸祐,580,0000,00,函館
2026062802010612,12,02,1200,17,00,010,06,4,2021101595,ヴィヴァクラウン,05,1,大野拓弥,杉浦宏昭,西村　有人,580,0000,00,函館
2026062802010612,12,02,1200,17,00,010,07,5,2021103595,ビーコング,05,1,松本大輝,小手川準,馬場　祥晃,580,0000,00,函館
2026062802010612,12,02,1200,17,00,010,08,5,2023102567,フェアリーライズ,03,2,黛弘人　,秋山真一,吉岡　寛行,530,0000,00,函館
2026062802010612,12,02,1200,17,00,010,09,6,2021110023,エクストラバック,05,1,鮫島克駿,前川恭子,Ｈ．Ｈ．シェイク・ハムダン,580,0000,00,函館
2026062802010612,12,02,1200,17,00,010,10,6,2023100214,シーグルロス,03,2,小林美駒,尾形和幸,伊藤　正樹,530,0000,00,函館
2026062802010612,12,02,1200,17,00,010,11,7,2022103527,ライツユーアップ,04,2,丹内祐次,角田晃一,ノルマンディーサラブレッドレーシング,560,0000,00,函館
2026062802010612,12,02,1200,17,00,010,12,7,2023103355,クリエープキー,03,2,古川吉洋,牧光二　,中平　和宏,530,0000,00,函館
2026062802010612,12,02,1200,17,00,010,13,8,2020106623,ゴキゲンサン,06,2,岩田康誠,伊藤大士,ニッシンホールディングス,560,0000,00,函館
2026062802010612,12,02,1200,17,00,010,14,8,2023106104,ホワイトドラゴン,03,1,横山和生,伊藤大士,ザ・チャンピオンズ,550,0000,00,函館
2026062803020201,01,03,2750,54,14,703,01,1,2019105745,フレイムジョーカー,07,1,中村将之,岩戸孝樹,ノルマンディーサラブレッドレーシング,600,0161,06,福島
2026062803020201,01,03,2750,54,14,703,02,2,2018101010,アウスヴァール,08,3,森一馬　,昆貢　　,ノルマンディーサラブレッドレーシング,600,0026,01,福島
2026062803020201,01,03,2750,54,14,703,03,3,2020105031,シュハリ,06,1,江田勇亮,粕谷昌央,岡田　牧雄,600,0785,10,福島
2026062803020201,01,03,2750,54,14,703,04,3,2020102955,ポワンキュルミナン,06,1,小牧加矢,岡田稲男,吉田　照哉,600,0127,05,福島
2026062803020201,01,03,2750,54,14,703,05,4,2022100527,ブランフォルテ,04,1,水沼元輝,辻哲英　,天白　裕之,570,0404,08,福島
2026062803020201,01,03,2750,54,14,703,06,4,2021104844,グロッシェン,05,1,難波剛健,手塚貴徳,社台レースホース,600,0184,07,福島
2026062803020201,01,03,2750,54,14,703,07,5,2020102648,ラパンラピッド,06,3,坂口智康,武井亮　,シルクレーシング,570,0034,02,福島
2026062803020201,01,03,2750,54,14,703,08,5,2020106585,ヴォンヌヴォー,06,2,黒岩悠　,天間昭一,平川　三津,580,1113,11,福島
2026062803020201,01,03,2750,54,14,703,09,6,2021105335,トーアマリシテン,05,3,五十嵐雄,小島茂之,高山ランド,600,0051,03,福島
2026062803020201,01,03,2750,54,14,703,10,6,2022103504,ブライトライツ,04,3,草野太郎,秋本大介,岡田　牧雄,600,2126,12,福島
2026062803020201,01,03,2750,54,14,703,11,7,2019103719,モズクルードラゴン,07,1,小林凌大,天間昭一,木村　廣太,570,2911,14,福島
2026062803020201,01,03,2750,54,14,703,12,7,2021100190,ニシノインヴィクタ,05,1,伴啓太　,本間忍　,西山　茂行,600,0656,09,福島
2026062803020201,01,03,2750,54,14,703,13,8,2022103559,ロワゾブルー,04,2,土田真翔,小島茂之,ノルマンディーサラブレッドレーシング,570,2510,13,福島
2026062803020201,01,03,2750,54,14,703,14,8,2021104669,サマーアゲイン,05,1,高田潤　,渡辺薫彦,ｇｌｉｔｔｅｒＧ,600,0083,04,福島
2026062803020202,02,03,1700,24,14,703,01,1,2023104511,ゴールドフリーダム,03,3,菊沢一樹,青木孝文,居城　寿与,570,0460,07,福島
2026062803020202,02,03,1700,24,14,703,02,2,2023104432,カラクリスピリッツ,03,2,小林脩斗,斎藤誠　,レッドマジック,550,0538,08,福島
2026062803020202,02,03,1700,24,14,703,03,2,2023109056,カミノテイオー,03,1,木幡巧也,奥平雅士,村上　正喜,570,1982,12,福島
2026062803020202,02,03,1700,24,14,703,04,3,2023105962,オセアフェアモント,03,1,野中悠太,菊川正達,ＸＩＡＯジャパン,570,2011,13,福島
2026062803020202,02,03,1700,24,14,703,05,3,2023106849,イトシサ,03,1,三浦皇成,田中博康,ＴＮレーシング,570,0043,02,福島
2026062803020202,02,03,1700,24,14,703,06,4,2023104884,プロミスライン,03,2,石神深道,森一誠　,ターフ・スポート,520,0328,04,福島
2026062803020202,02,03,1700,24,14,703,07,4,2023104603,チェイサー,03,1,佐藤翔馬,相沢郁　,本間　茂,540,0329,05,福島
2026062803020202,02,03,1700,24,14,703,08,5,2023102050,サイモングリーマン,03,1,木幡育也,的場均　,澤田　昭紀,570,5009,14,福島
2026062803020202,02,03,1700,24,14,703,09,5,2023100578,ロジキセキ,03,1,田口貫太,新開幸一,久米田　正明,570,0594,09,福島
2026062803020202,02,03,1700,24,14,703,10,6,2023106290,アシタバスピリッツ,03,2,水沼元輝,西田雄一,芳賀　克也,520,0383,06,福島
2026062803020202,02,03,1700,24,14,703,11,6,2023106531,ゴーントゥファー,03,3,荻野極　,小島茂之,日下部　勝徳,570,0000,00,福島
2026062803020202,02,03,1700,24,14,703,12,7,2023100291,ウインビギニング,03,1,松山弘平,上原博之,ウイン,570,0015,01,福島
2026062803020202,02,03,1700,24,14,703,13,7,2023105439,カシマライフウ,03,1,松岡正海,伊藤伸一,松浦　一久,570,0057,03,福島
2026062803020202,02,03,1700,24,14,703,14,8,2023103288,ロココ,03,2,上里直汰,加藤和宏,内田　裕美,520,0907,11,福島
2026062803020202,02,03,1700,24,14,703,15,8,2023104554,テンカラットレター,03,1,木幡初也,本間忍　,熊坂　俊一,570,0636,10,福島
2026062803020203,03,03,1200,17,05,703,01,1,2024101281,ドルチェテソーロ,02,2,木幡巧也,牧光二　,了徳寺健二ホールディングス,550,0130,03,福島
2026062803020203,03,03,1200,17,05,703,02,2,2024108275,アイファーラピッド,02,2,団野大成,森秀行　,中島　稔,550,0122,02,福島
2026062803020203,03,03,1200,17,05,703,03,3,2024101604,ベアアミーチ,02,2,上里直汰,杉浦宏昭,熊木　浩,520,0179,04,福島
2026062803020203,03,03,1200,17,05,703,04,4,2024105474,ユイノヘラクレス,02,1,木幡初也,深山雅史,由井　健太郎,550,0532,05,福島
2026062803020203,03,03,1200,17,05,703,05,5,2024100482,オオセイケイ,02,2,横山武史,竹内正洋,由井　健太郎,550,0011,01,福島
2026062803020204,04,03,1200,17,14,701,01,1,2024102809,マーズワース,02,2,佐藤翔馬,小手川準,サイプレスホールディングス,520,0139,05,福島
2026062803020204,04,03,1200,17,14,701,02,2,2024107256,ティアラスピリット,02,2,菊沢一樹,上原博之,石田　暢子,550,0526,10,福島
2026062803020204,04,03,1200,17,14,701,03,3,2024102025,ノヴェルアレイア,02,2,石橋脩　,矢野英一,新井　琢也,550,1207,14,福島
2026062803020204,04,03,1200,17,14,701,04,3,2024101341,ドナビッグベン,02,2,荻野極　,秋本大介,小川　眞査雄,550,0169,06,福島
2026062803020204,04,03,1200,17,14,701,05,4,2024105555,ピリナカピリナ,02,2,武藤雅　,水野貴広,友水　達也,550,0124,04,福島
2026062803020204,04,03,1200,17,14,701,06,4,2024107347,プリンセスロッティ,02,2,戸崎圭太,伊藤圭三,天野　和哉,550,0058,03,福島
2026062803020204,04,03,1200,17,14,701,07,5,2024102846,スペシャルサンクス,02,2,嶋田純次,矢嶋大樹,ミルファーム,550,0446,09,福島
2026062803020204,04,03,1200,17,14,701,08,5,2024107165,ジーティーマイカ,02,2,松山弘平,前川恭子,田畑　利彦,550,0023,01,福島
2026062803020204,04,03,1200,17,14,701,09,6,2024100265,サリードゥ,02,2,津村明秀,鈴木伸尋,黒須　不二男,550,0033,02,福島
2026062803020204,04,03,1200,17,14,701,10,6,2024105243,リケアチャチャチャ,02,2,石田拓郎,上原博之,稲場　澄,520,0792,11,福島
2026062803020204,04,03,1200,17,14,701,11,7,2024100286,マリノシークレット,02,2,上里直汰,武市康男,矢野　まり子,520,1143,13,福島
2026062803020204,04,03,1200,17,14,701,12,7,2024102836,ミッドナイトドア,02,2,柴田大知,伊藤大士,ミルファーム,550,1118,12,福島
2026062803020204,04,03,1200,17,14,701,13,8,2024107129,ウインリスノアール,02,2,石神深道,和田正一,ウイン,520,0264,07,福島
2026062803020204,04,03,1200,17,14,701,14,8,2024103425,ヤマニンアルセド,02,2,横山武史,長谷川浩,土井　肇,550,0303,08,福島
2026062803020205,05,03,1800,17,14,701,01,1,2024104102,ウィナーズチェック,02,2,ゴンサル,和田勇介,岡田　牧雄,550,0587,09,福島
2026062803020205,05,03,1800,17,14,701,02,2,2024105550,マルガリート,02,2,江田照男,佐藤吉勝,佐藤　壽男,550,1314,13,福島
2026062803020205,05,03,1800,17,14,701,03,3,2024106675,ラッキースパークル,02,1,戸崎圭太,松永幹夫,サンデーレーシング,550,0032,02,福島
2026062803020205,05,03,1800,17,14,701,04,3,2024106124,ビップヴィーナス,02,2,丸山元気,田島俊明,鈴木　邦英,550,0167,05,福島
2026062803020205,05,03,1800,17,14,701,05,4,2024100316,アルアンダルス,02,2,Ｍ．デム,小野次郎,布施　慶士,550,0704,10,福島
2026062803020205,05,03,1800,17,14,701,06,4,2024103554,プリメラエストレラ,02,1,三浦皇成,橋田宜長,ノースヒルズ,550,0957,11,福島
2026062803020205,05,03,1800,17,14,701,07,5,2024100561,センターアイランド,02,1,横山武史,嘉藤貴行,中島　照夫,550,0050,03,福島
2026062803020205,05,03,1800,17,14,701,08,5,2024106982,レッジェランツァ,02,1,津村明秀,田中博康,サンデーレーシング,550,0024,01,福島
2026062803020205,05,03,1800,17,14,701,09,6,2024101971,マーゴットパラディ,02,1,荻野極　,伊坂重信,前田　良平,550,0216,06,福島
2026062803020205,05,03,1800,17,14,701,10,6,2024107115,モンドドゥアムール,02,2,松山弘平,高橋康之,福盛　訓之,550,0971,12,福島
2026062803020205,05,03,1800,17,14,701,11,7,2024101755,トリプティーク,02,2,柴田大知,和田雄二,本田　恒雄,550,2414,14,福島
2026062803020205,05,03,1800,17,14,701,12,7,2024102506,アルデアーク,02,1,横山典弘,村田一誠,秋元　竜弥,550,0536,07,福島
2026062803020205,05,03,1800,17,14,701,13,8,2024103053,ウインワーグナー,02,1,菊沢一樹,武市康男,ウイン,550,0080,04,福島
2026062803020205,05,03,1800,17,14,701,14,8,2024101268,カペラテソーロ,02,1,木幡巧也,牧光二　,了徳寺健二ホールディングス,550,0569,08,福島
2026062803020206,06,03,1150,24,16,703,01,1,2023103727,オレンジリバー,03,2,菊沢一樹,黒岩陽一,Ｇ１レーシング,550,0301,07,福島
2026062803020206,06,03,1150,24,16,703,02,1,2023103702,リアアーテシアン,03,2,高杉吏麒,武井亮　,フィールドレーシング,550,0059,04,福島
2026062803020206,06,03,1150,24,16,703,03,2,2023106132,ペイシャラム,03,2,石田拓郎,菊川正達,北所　直人,520,2170,12,福島
2026062803020206,06,03,1150,24,16,703,04,2,2023104590,スカット,03,2,佐藤翔馬,堀内岳志,本杉　芳郎,520,0117,06,福島
2026062803020206,06,03,1150,24,16,703,05,3,2023102560,リバージュエル,03,2,石橋脩　,高柳瑞樹,荒井　泰樹,550,0494,09,福島
2026062803020206,06,03,1150,24,16,703,06,3,2023100925,サトノワーグナー,03,1,戸崎圭太,斎藤誠　,里見　治,570,0040,02,福島
2026062803020206,06,03,1150,24,16,703,07,4,2023100102,イイクニパッション,03,1,石神深道,深山雅史,武中　進,540,0028,01,福島
2026062803020206,06,03,1150,24,16,703,08,4,2023101772,ハクサンスオーノ,03,1,上里直汰,加藤士津,河崎　五市,540,1273,10,福島
2026062803020206,06,03,1150,24,16,703,09,5,2023102254,モリガン,03,2,水沼元輝,柄崎将寿,武田　茂男,520,2101,11,福島
2026062803020206,06,03,1150,24,16,703,10,5,2023105694,ハクサンレイホウ,03,1,小林脩斗,武藤善則,河崎　五市,570,3582,14,福島
2026062803020206,06,03,1150,24,16,703,11,6,2023102422,ミラビリオン,03,1,松山弘平,伊坂重信,ノルマンディーサラブレッドレーシング,570,0078,05,福島
2026062803020206,06,03,1150,24,16,703,12,6,2023102319,ロジシーザ,03,1,松岡正海,古賀慎明,久米田　正明,570,0361,08,福島
2026062803020206,06,03,1150,24,16,703,13,7,2023103662,カーニバルウェイ,03,2,柴田大知,清水英克,ユートピア牧場,550,4309,15,福島
2026062803020206,06,03,1150,24,16,703,14,7,2023102924,ハミングディスト,03,2,小崎綾也,嘉藤貴行,飯田　正剛,550,3470,13,福島
2026062803020206,06,03,1150,24,16,703,15,8,2023100856,アリアーネ,03,2,菅原隆一,鈴木慎太,井手　慶祐,550,5089,16,福島
2026062803020206,06,03,1150,24,16,703,16,8,2023104392,オレンジキャンパス,03,2,武藤雅　,武藤善則,ノースヒルズ,550,0058,03,福島
2026062803020207,07,03,1200,17,15,703,01,1,2023101348,ニチヤヲツイデ,03,2,野中悠太,高橋文雅,福田　光博,550,3030,11,福島
2026062803020207,07,03,1200,17,15,703,02,1,2023103816,オドラタス,03,2,田口貫太,林徹　　,Ｇ１レーシング,550,0072,03,福島
2026062803020207,07,03,1200,17,15,703,03,2,2023100321,ウインディナナコ,03,2,佐藤翔馬,勢司和浩,木村　廣太,520,0528,08,福島
2026062803020207,07,03,1200,17,15,703,04,2,2023104977,ニットウエース,03,1,武藤雅　,稲垣幸雄,日東牧場,570,0779,10,福島
2026062803020207,07,03,1200,17,15,703,05,3,2023103195,ノーブルラホーヤ,03,2,石田拓郎,深山雅史,ヒダカ・ブリーダーズ・ユニオン,520,0319,06,福島
2026062803020207,07,03,1200,17,15,703,06,3,2023107249,スーホ,03,1,荻野極　,上原佑紀,藤田　晋,570,0130,05,福島
2026062803020207,07,03,1200,17,15,703,07,4,2023106095,キッショウダラニ,03,1,木幡巧也,牧光二　,長田　忠千代,570,0024,01,福島
2026062803020207,07,03,1200,17,15,703,08,4,2023106178,ミサトレジーナ,03,2,菅原隆一,天間昭一,戸部　政彦,550,3650,15,福島
2026062803020207,07,03,1200,17,15,703,09,5,2023101925,スコアレジーナ,03,2,高杉吏麒,矢野英一,ノルマンディーサラブレッドレーシング,550,0565,09,福島
2026062803020207,07,03,1200,17,15,703,10,5,2023107419,ベンテンカグラ,03,2,菊沢一樹,勢司和浩,二口　雅一,550,0356,07,福島
2026062803020207,07,03,1200,17,15,703,11,6,2023101396,ホットジュピター,03,2,丸田恭介,千葉直人,阿部　秀夫,550,3538,14,福島
2026062803020207,07,03,1200,17,15,703,12,6,2023106851,ザウシャルト,03,3,小林脩斗,小野次郎,矢野　琢也,570,0000,00,福島
2026062803020207,07,03,1200,17,15,703,13,7,2023103073,カゼノハゴロモ,03,2,木幡育也,的場均　,福田　光博,550,3473,13,福島
2026062803020207,07,03,1200,17,15,703,14,7,2023102633,アイアンパイク,03,2,横山典弘,村田一誠,浅田　次郎,550,0025,02,福島
2026062803020207,07,03,1200,17,15,703,15,8,2023106471,マイネルヴェーゼン,03,1,石川裕紀,相沢郁　,サラブレッドクラブ・ラフィアン,570,0089,04,福島
2026062803020207,07,03,1200,17,15,703,16,8,2023106055,アンパシオンス,03,2,水沼元輝,田島俊明,ライオンレースホース,520,3353,12,福島
2026062803020208,08,03,2600,17,13,005,01,1,2022105597,ゲンジ,04,1,田辺裕信,尾形和幸,高橋　文男,580,0058,03,福島
2026062803020208,08,03,2600,17,13,005,02,2,2023106177,エクセルクラウン,03,1,菊沢一樹,菊沢隆徳,谷川　正純,540,0367,07,福島
2026062803020208,08,03,2600,17,13,005,03,3,2023104361,ヤマニンヘルシェ,03,1,石川裕紀,辻哲英　,土井　肇,540,0086,04,福島
2026062803020208,08,03,2600,17,13,005,04,4,2021104927,リリエンフェルト,05,2,石田拓郎,上原博之,ネコメンレーシング,530,1990,11,福島
2026062803020208,08,03,2600,17,13,005,05,4,2023102994,ニホンピロロジャー,03,1,田口貫太,緒方努　,小林　英一,540,0032,02,福島
2026062803020208,08,03,2600,17,13,005,06,5,2021101088,テイキットイージー,05,1,木幡巧也,萱野浩二,ビッグレッドファーム,580,0615,09,福島
2026062803020208,08,03,2600,17,13,005,07,5,2022103353,ストレートブラック,04,2,松岡正海,奥平雅士,コスモヴューファーム,560,0129,06,福島
2026062803020208,08,03,2600,17,13,005,08,6,2022105289,キロノヴァ,04,1,北村宏司,大竹正博,金子真人ホールディングス,580,0377,08,福島
2026062803020208,08,03,2600,17,13,005,09,6,2023105259,リュクスパトロール,03,2,ゴンサル,加藤士津,田畑　憲士,520,0101,05,福島
2026062803020208,08,03,2600,17,13,005,10,7,2023103287,エースフライト,03,1,戸崎圭太,池江泰寿,ＤＭＭドリームクラブ,540,0025,01,福島
2026062803020208,08,03,2600,17,13,005,11,7,2022105292,オメガストリーム,04,2,丸田恭介,田中勝春,犬飼　優,560,1903,10,福島
2026062803020208,08,03,2600,17,13,005,12,8,2021103237,ジャスティンライズ,05,3,石神深道,大和田成,三木　正浩,550,3016,12,福島
2026062803020208,08,03,2600,17,13,005,13,8,2021103651,グランドフォレスト,05,1,上里直汰,室井潔　,プレディクトレーシング,550,5902,13,福島
2026062803020209,09,03,2000,17,00,010,01,1,2022105796,アリスメティーク,04,2,荻野極　,大竹正博,藤田　岳彦,560,0000,00,福島
2026062803020209,09,03,2000,17,00,010,02,2,2020105183,ウインルピナス,06,2,三浦皇成,鈴木伸尋,ウイン,560,0000,00,福島
2026062803020209,09,03,2000,17,00,010,03,3,2021102597,ラビットアイ,05,2,田口貫太,鈴木孝志,ライオンレースホース,560,0000,00,福島
2026062803020209,09,03,2000,17,00,010,04,3,2021106826,レッセパッセ,05,2,菊沢一樹,柄崎将寿,ビッグレッドファーム,560,0000,00,福島
2026062803020209,09,03,2000,17,00,010,05,4,2021105321,エーデル,05,2,Ｍ．デム,金成貴史,藤沼　利夫,560,0000,00,福島
2026062803020209,09,03,2000,17,00,010,06,4,2022105002,ボウウィンドウ,04,2,戸崎圭太,武井亮　,吉田　和美,560,0000,00,福島
2026062803020209,09,03,2000,17,00,010,07,5,2022106825,コスモイシュタル,04,2,松岡正海,深山雅史,ブルースターズファーム,560,0000,00,福島
2026062803020209,09,03,2000,17,00,010,08,5,2022101925,オデット,04,2,石橋脩　,緒方努　,カナヤマホールディングス,560,0000,00,福島
2026062803020209,09,03,2000,17,00,010,09,6,2022105032,エバーグルーヴ,04,2,高杉吏麒,藤岡健一,宇田　豊,560,0000,00,福島
2026062803020209,09,03,2000,17,00,010,10,6,2021103533,ホウオウシンデレラ,05,2,丸田恭介,奥村武　,小笹　芳央,560,0000,00,福島
2026062803020209,09,03,2000,17,00,010,11,7,2021101068,クロシェットノエル,05,2,武藤雅　,戸田博文,村野　康司,560,0000,00,福島
2026062803020209,09,03,2000,17,00,010,12,7,2022105057,ノビリシマビジョン,04,2,津村明秀,青木孝文,シルクレーシング,560,0000,00,福島
2026062803020209,09,03,2000,17,00,010,13,8,2020103929,オルノア,06,2,小崎綾也,新谷功一,ノルマンディーサラブレッドレーシング,560,0000,00,福島
2026062803020209,09,03,2000,17,00,010,14,8,2021106904,レイピカケ,05,2,団野大成,野中賢二,甘糟　裕介,560,0000,00,福島
2026062803020210,10,03,1700,24,00,016,01,1,2022105694,オリーブグリーン,04,1,松山弘平,矢作芳人,青芝商事,580,0000,00,福島
2026062803020210,10,03,1700,24,00,016,02,2,2021104445,メイショウフウドウ,05,3,三浦皇成,藤原英昭,松本　好隆,580,0000,00,福島
2026062803020210,10,03,1700,24,00,016,03,3,2022102987,バギーウィップ,04,1,武藤雅　,大竹正博,キャロットファーム,580,0000,00,福島
2026062803020210,10,03,1700,24,00,016,04,4,2021106623,エクリプスルバン,05,3,戸崎圭太,田中博康,前田　幸大,580,0000,00,福島
2026062803020210,10,03,1700,24,00,016,05,5,2020104567,ヴァナルガンド,06,1,津村明秀,稲垣幸雄,ノルマンディーサラブレッドレーシング,580,0000,00,福島
2026062803020210,10,03,1700,24,00,016,06,6,2021101045,タイセイミッション,05,3,菊沢一樹,伊藤圭三,田中　成奉,580,0000,00,福島
2026062803020210,10,03,1700,24,00,016,07,6,2020104738,ラフエイジアン,06,3,ゴンサル,中舘英二,尾崎　恒男,580,0000,00,福島
2026062803020210,10,03,1700,24,00,016,08,7,2021103502,アイウィル,05,1,田口貫太,高木登　,Ｇリビエール・レーシング,580,0000,00,福島
2026062803020210,10,03,1700,24,00,016,09,7,2021105182,ドバイブルース,05,1,横山武史,加藤征弘,加藤　正二郎,580,0000,00,福島
2026062803020210,10,03,1700,24,00,016,10,8,2021106874,ゴールドアローン,05,2,石川裕紀,青木孝文,居城　寿与,560,0000,00,福島
2026062803020210,10,03,1700,24,00,016,11,8,2019105188,クロースコンバット,07,1,北村宏司,青木孝文,吉田　勝己,580,0000,00,福島
2026062803020211,11,03,1800,17,00,999,01,1,2023103386,ルージュボヤージュ,03,2,北村宏司,木村哲也,東京ホースレーシング,520,0000,00,福島
2026062803020211,11,03,1800,17,00,999,02,1,2023105684,クカイリモク,03,1,ゴンサル,堀宣行　,金子真人ホールディングス,530,0000,00,福島
2026062803020211,11,03,1800,17,00,999,03,2,2023104885,ジーネキング,03,1,菊沢一樹,斎藤誠　,山口　雄司,560,0000,00,福島
2026062803020211,11,03,1800,17,00,999,04,2,2023101569,サイモンシャリオ,03,1,田口貫太,梅田智之,澤田　昭紀,520,0000,00,福島
2026062803020211,11,03,1800,17,00,999,05,3,2023104224,リッツパーティー,03,1,横山武史,岩戸孝樹,田頭　勇貴,540,0000,00,福島
2026062803020211,11,03,1800,17,00,999,06,3,2023105084,コルテオソレイユ,03,1,荻野極　,佐藤悠太,ニットー商事,540,0000,00,福島
2026062803020211,11,03,1800,17,00,999,07,4,2023105332,ショウナンガルフ,03,1,丸山元気,須貝尚介,国本　哲秀,570,0000,00,福島
2026062803020211,11,03,1800,17,00,999,08,4,2023103326,ディールメーカー,03,1,高杉吏麒,大和田成,諸江　幸祐,560,0000,00,福島
2026062803020211,11,03,1800,17,00,999,09,5,2023100021,キンググローリー,03,1,石川裕紀,古賀慎明,平口　信行,540,0000,00,福島
2026062803020211,11,03,1800,17,00,999,10,5,2023100681,ガリレア,03,1,石橋脩　,清水英克,井高　義光,540,0000,00,福島
2026062803020211,11,03,1800,17,00,999,11,6,2023107368,コロナドブリッジ,03,1,三浦皇成,庄野靖志,Ｇ１レーシング,540,0000,00,福島
2026062803020211,11,03,1800,17,00,999,12,6,2023107199,ローベルクランツ,03,1,松山弘平,小林真也,キャロットファーム,570,0000,00,福島
2026062803020211,11,03,1800,17,00,999,13,7,2023100724,サノノグレーター,03,1,田辺裕信,尾形和幸,佐野　信幸,560,0000,00,福島
2026062803020211,11,03,1800,17,00,999,14,7,2023103907,スカイスプレンダー,03,1,戸崎圭太,池江泰寿,シルクレーシング,550,0000,00,福島
2026062803020211,11,03,1800,17,00,999,15,8,2023107278,バドリナート,03,1,津村明秀,松永幹夫,サンデーレーシング,570,0000,00,福島
2026062803020211,11,03,1800,17,00,999,16,8,2023107352,スペルーチェ,03,1,Ｍ．デム,宮田敬介,窪田　芳郎,550,0000,00,福島
2026062803020212,12,03,1150,24,00,005,01,1,2023101112,ロイヤルスパイア,03,1,松山弘平,栗田徹　,ゴドルフィン,550,0000,00,福島
2026062803020212,12,03,1150,24,00,005,02,2,2023101516,モズタンケ,03,1,菊沢一樹,栗田徹　,北側　雅司,550,0000,00,福島
2026062803020212,12,03,1150,24,00,005,03,3,2023102819,マーシャルアン,03,1,上里直汰,大和田成,ＴＵＲＦレーシング,520,0000,00,福島
2026062803020212,12,03,1150,24,00,005,04,3,2023102545,ミルトハーバー,03,1,田辺裕信,鈴木慎太,永山　勝敏,550,0000,00,福島
2026062803020212,12,03,1150,24,00,005,05,4,2023107095,クアロアランチ,03,2,荻野極　,西田雄一,サンデーレーシング,530,0000,00,福島
2026062803020212,12,03,1150,24,00,005,06,4,2020105525,カツノテンス,06,1,松岡正海,伊藤伸一,勝野産業,580,0000,00,福島
2026062803020212,12,03,1150,24,00,005,07,5,2023100955,ソニックブレイカー,03,1,戸崎圭太,稲垣幸雄,ＣＨＥＶＡＬ　ＡＴＴＡＣＨＥ,550,0000,00,福島
2026062803020212,12,03,1150,24,00,005,08,5,2022106686,スターランウェイ,04,2,小林脩斗,斎藤誠　,ヒダカ・ブリーダーズ・ユニオン,560,0000,00,福島
2026062803020212,12,03,1150,24,00,005,09,6,2021109088,アルニラム,05,3,佐藤翔馬,伊藤大士,ＳＴレーシング,550,0000,00,福島
2026062803020212,12,03,1150,24,00,005,10,6,2020106004,ゴルトレオパルト,06,1,野中悠太,的場均　,小澤　徳定,580,0000,00,福島
2026062803020212,12,03,1150,24,00,005,11,7,2022105494,フクチャンヒメ,04,2,小崎綾也,加藤征弘,福田　義明,560,0000,00,福島
2026062803020212,12,03,1150,24,00,005,12,7,2021103994,タッカーバレット,05,1,木幡巧也,田島俊明,小松崎　孝,580,0000,00,福島
2026062803020212,12,03,1150,24,00,005,13,8,2023103802,ブーケドリス,03,2,横山武史,宮田敬介,Ｇ１レーシング,530,0000,00,福島
2026062803020212,12,03,1150,24,00,005,14,8,2023101792,ジャスフォール,03,1,石橋脩　,上原佑紀,ディアレストクラブ,550,0000,00,福島
2026062810020201,01,10,1200,17,18,703,01,1,2023102145,ホーリーステップ,03,2,森田誠也,斉藤崇史,ホシノレーシング,520,0129,03,小倉
2026062810020201,01,10,1200,17,18,703,02,1,2023101400,ハイソリア,03,2,太宰啓介,昆貢　　,エラドゥーラ,550,0943,13,小倉
2026062810020201,01,10,1200,17,18,703,03,2,2023102639,ランスオブラヴ,03,2,柴田裕一,奥村豊　,五影　慶則,530,0594,09,小倉
2026062810020201,01,10,1200,17,18,703,04,2,2023109072,ベルセクレト,03,2,田山旺佑,藤岡健一,那須野牧場,530,1535,15,小倉
2026062810020201,01,10,1200,17,18,703,05,3,2023100429,ジョービスコッティ,03,2,吉村誠之,清水久詞,上田　江吏子,550,0026,02,小倉
2026062810020201,01,10,1200,17,18,703,06,3,2023101877,キャッチミークライ,03,2,松若風馬,牧田和弥,畑佐　博,550,1517,14,小倉
2026062810020201,01,10,1200,17,18,703,07,4,2023107038,ディオレガーロ,03,2,幸英明　,長谷川浩,サンデーレーシング,550,0347,07,小倉
2026062810020201,01,10,1200,17,18,703,08,4,2023105833,セレブトーチ,03,2,川端海翼,坂口智康,中村　伊三美,520,0187,04,小倉
2026062810020201,01,10,1200,17,18,703,09,5,2023106856,アンガーザガール,03,2,西村淳也,東田明士,ＳＳレーシング,550,0019,01,小倉
2026062810020201,01,10,1200,17,18,703,10,5,2023101738,サンシャインビーチ,03,2,高倉稜　,渡辺薫彦,高昭牧場,550,0895,12,小倉
2026062810020201,01,10,1200,17,18,703,11,6,2023100144,エンブルーシャ,03,2,富田暁　,武英智　,奥　雅哉,550,0324,06,小倉
2026062810020201,01,10,1200,17,18,703,12,6,2023103081,ヴィーラー,03,2,菱田裕二,矢作芳人,黒岩　剛史,550,0634,10,小倉
2026062810020201,01,10,1200,17,18,703,13,7,2023104818,メイショウピュルテ,03,2,西塚洸二,笹田和秀,松本　好隆,550,0214,05,小倉
2026062810020201,01,10,1200,17,18,703,14,7,2023101170,ザムーン,03,2,酒井学　,千田輝彦,ゴドルフィン,550,0361,08,小倉
2026062810020201,01,10,1200,17,18,703,15,7,2023105623,テイエムリチャード,03,2,川須栄彦,鈴木孝志,竹園　正繼,550,3316,17,小倉
2026062810020201,01,10,1200,17,18,703,16,8,2023103685,リーガルスプレンダ,03,2,加藤祥太,庄野靖志,吉田　晴哉,550,0800,11,小倉
2026062810020201,01,10,1200,17,18,703,17,8,2023101884,フルーツベイビー,03,2,国分優作,畑端省吾,ｇｌｉｔｔｅｒＧ,550,2488,16,小倉
2026062810020201,01,10,1200,17,18,703,18,8,2023101263,チェラブ,03,2,藤懸貴志,平田修　,小林　竜太郎,550,3639,18,小倉
2026062810020202,02,10,1800,17,16,703,01,1,2023102357,ブランチアウト,03,1,太宰啓介,昆貢　　,ノルマンディーサラブレッドレーシング,570,0036,02,小倉
2026062810020202,02,10,1800,17,16,703,02,1,2023103357,マサハヤルージュ,03,2,吉村誠之,千田輝彦,ドリーム＆Ｄｒｅａｍ,550,0352,08,小倉
2026062810020202,02,10,1800,17,16,703,03,2,2023102622,エリカアズーラ,03,2,西塚洸二,友道康夫,三木　正浩,550,1448,13,小倉
2026062810020202,02,10,1800,17,16,703,04,2,2023103775,リュネヴィル,03,2,加藤祥太,梅田智之,吉田　晴哉,550,2422,16,小倉
2026062810020202,02,10,1800,17,16,703,05,3,2023100926,モンロワイヤル,03,1,西村淳也,牧浦充徳,西浦　和男,570,0027,01,小倉
2026062810020202,02,10,1800,17,16,703,06,3,2023101308,グリミスティ,03,2,菱田裕二,森田直行,永嶋　啓一,550,0642,11,小倉
2026062810020202,02,10,1800,17,16,703,07,4,2023107543,チヨ,03,2,田山旺佑,鈴木孝志,寺田　寿男,510,0129,05,小倉
2026062810020202,02,10,1800,17,16,703,08,4,2023110077,エングルマン,03,1,幸英明　,西村真幸,吉田　和美,550,0097,04,小倉
2026062810020202,02,10,1800,17,16,703,09,5,2023105292,サンダーバード,03,2,今村聖奈,武幸四郎,藤田　晋,530,0043,03,小倉
2026062810020202,02,10,1800,17,16,703,10,5,2023101282,メイショウユウゲン,03,1,森田誠也,安達昭夫,松本　好隆,540,2369,15,小倉
2026062810020202,02,10,1800,17,16,703,11,6,2023100457,ワンダーエイド,03,1,秋山稔樹,吉村圭司,山本　能成,570,2188,14,小倉
2026062810020202,02,10,1800,17,16,703,12,6,2023104938,アリュウ,03,2,角田大和,井上智史,村木　慎吾,550,0303,07,小倉
2026062810020202,02,10,1800,17,16,703,13,7,2023102060,オーマイラッキーン,03,2,永島まな,高橋康之,大田　恭充,530,0180,06,小倉
2026062810020202,02,10,1800,17,16,703,14,7,2023107239,ダノンプレリュード,03,2,富田暁　,矢作芳人,ダノックス,550,0703,12,小倉
2026062810020202,02,10,1800,17,16,703,15,8,2023105646,パラフローラ,03,2,松若風馬,今野貞一,水上　千歳,550,0600,10,小倉
2026062810020202,02,10,1800,17,16,703,16,8,2023105372,シャロン,03,2,泉谷楓真,杉山晴紀,江馬　由将,550,0599,09,小倉
2026062810020203,03,10,1200,17,18,703,01,1,2023100277,ショウナンライラ,03,1,富田暁　,松下武士,湘南,570,2038,13,小倉
2026062810020203,03,10,1200,17,18,703,02,1,2023102237,マテンロウノア,03,1,太宰啓介,坂口智康,寺田　千代乃,570,2230,14,小倉
2026062810020203,03,10,1200,17,18,703,03,2,2023102290,イクヒロ,03,1,柴田裕一,小椋研介,佐々木　將吉,550,0929,10,小倉
2026062810020203,03,10,1200,17,18,703,04,2,2023106766,チュウワメロディー,03,1,松若風馬,小崎憲　,中西　忍,570,0019,01,小倉
2026062810020203,03,10,1200,17,18,703,05,3,2023102989,タイガーロード,03,1,酒井学　,大橋勇樹,伊藤　和夫,570,0123,05,小倉
2026062810020203,03,10,1200,17,18,703,06,3,2023102185,ドラムメジャー,03,2,田山旺佑,東田明士,大樹ファーム,530,0052,02,小倉
2026062810020203,03,10,1200,17,18,703,07,4,2023102421,ヴェネラブル,03,2,藤懸貴志,吉村圭司,ノルマンディーサラブレッドレーシング,550,1514,12,小倉
2026062810020203,03,10,1200,17,18,703,08,4,2023104520,ルナフィオーレ,03,2,西村淳也,庄野靖志,ＹＧＧホースクラブ,550,0081,03,小倉
2026062810020203,03,10,1200,17,18,703,09,5,2023101782,チョウダントツ,03,2,川端海翼,羽月友彦,丸山　隆雄,520,4782,17,小倉
2026062810020203,03,10,1200,17,18,703,10,5,2023103054,ヤマトチャージ,03,1,角田大和,安達昭夫,サン,570,2925,16,小倉
2026062810020203,03,10,1200,17,18,703,11,6,2023102133,スイートポメロ,03,2,菱田裕二,森田直行,河原　義宏,550,0179,07,小倉
2026062810020203,03,10,1200,17,18,703,12,6,2023110089,アドバンスモダン,03,3,永島まな,森秀行　,久保田　典秀,550,0875,09,小倉
2026062810020203,03,10,1200,17,18,703,13,7,2023105739,モズヴイ,03,1,川田将雅,藤岡健一,北側　雅司,570,0082,04,小倉
2026062810020203,03,10,1200,17,18,703,14,7,2023102563,ジャスティンカレラ,03,1,西塚洸二,友道康夫,三木　正浩,570,2807,15,小倉
2026062810020203,03,10,1200,17,18,703,15,7,2023104173,メテオロイド,03,1,幸英明　,宮地貴稔,石瀬　浩三,570,0127,06,小倉
2026062810020203,03,10,1200,17,18,703,16,8,2023105740,モズナツノジン,03,1,国分優作,畑端省吾,北側　雅司,570,4809,18,小倉
2026062810020203,03,10,1200,17,18,703,17,8,2023106320,ワイドカクゲン,03,1,吉村誠之,杉山佳明,幅田　昌伸,570,0304,08,小倉
2026062810020203,03,10,1200,17,18,703,18,8,2023100392,レジーナテンペスタ,03,2,森田誠也,前川恭子,生垣　博志,520,1511,11,小倉
2026062810020204,04,10,1700,24,16,703,01,1,2023101487,ブラックアイロン,03,1,川端海翼,浜田多実,槇本牧場,540,2879,16,小倉
2026062810020204,04,10,1700,24,16,703,02,1,2023107341,レッドピアレス,03,1,西村淳也,中内田充,東京ホースレーシング,570,0100,03,小倉
2026062810020204,04,10,1700,24,16,703,03,2,2023100605,キミガスキダ,03,2,藤懸貴志,牧田和弥,サンライズ,550,2066,13,小倉
2026062810020204,04,10,1700,24,16,703,04,2,2023106961,ジュピターバローズ,03,1,西塚洸二,友道康夫,猪熊　広次,570,0224,08,小倉
2026062810020204,04,10,1700,24,16,703,05,3,2023103067,トモジャカトゥーラ,03,2,国分優作,大根田裕,吉冨　朝美,550,2561,15,小倉
2026062810020204,04,10,1700,24,16,703,06,3,2023105294,グリーンゴー,03,1,川田将雅,福永祐一,平田　修,570,0019,01,小倉
2026062810020204,04,10,1700,24,16,703,07,4,2023105044,ゴールデンボブ,03,1,角田大和,四位洋文,エースレーシング,570,0586,09,小倉
2026062810020204,04,10,1700,24,16,703,08,4,2023106134,グーフィー,03,1,長岡禎仁,茶木太樹,手嶋　康雄,570,0215,06,小倉
2026062810020204,04,10,1700,24,16,703,09,5,2023103706,リアライズステラ,03,1,酒井学　,須貝尚介,今福　洋介,570,1372,11,小倉
2026062810020204,04,10,1700,24,16,703,10,5,2023101111,メンデレーエフ,03,1,富田暁　,野中賢二,ゴドルフィン,570,0029,02,小倉
2026062810020204,04,10,1700,24,16,703,11,6,2023101743,ホッコームジカ,03,2,今村聖奈,飯田祐史,北幸商事,530,0941,10,小倉
2026062810020204,04,10,1700,24,16,703,12,6,2023102317,バンダムソレール,03,1,田山旺佑,小栗実　,山科　統,550,0193,05,小倉
2026062810020204,04,10,1700,24,16,703,13,7,2023104872,ゴールデンドラゴン,03,1,松若風馬,宮本博　,梶山　高志,570,0218,07,小倉
2026062810020204,04,10,1700,24,16,703,14,7,2023101848,ジューンマーチ,03,1,永島まな,松下武士,吉川　潤,550,0182,04,小倉
2026062810020204,04,10,1700,24,16,703,15,8,2023102773,ハイビッグゴールド,03,1,幸英明　,谷潔　　,服部　新平,570,2310,14,小倉
2026062810020204,04,10,1700,24,16,703,16,8,2023103339,パスリヤージュ,03,2,城戸義政,荒川義之,吉田　照哉,550,1745,12,小倉
2026062810020205,05,10,1200,17,10,701,01,1,2024107239,ワールドエンジェル,02,2,川田将雅,橋田宜長,小倉　哲,550,0036,02,小倉
2026062810020205,05,10,1200,17,10,701,02,2,2024105611,メイショウペルル,02,1,角田大和,千田輝彦,松本　好隆,550,1285,10,小倉
2026062810020205,05,10,1200,17,10,701,03,3,2024101049,スマートエスコート,02,2,西塚洸二,笹田和秀,大川　徹,550,0342,06,小倉
2026062810020205,05,10,1200,17,10,701,04,4,2024107339,シャインロード,02,1,松若風馬,井上智史,ＭＲＳ,550,0304,05,小倉
2026062810020205,05,10,1200,17,10,701,05,5,2024103913,ヒルノアラゴン,02,1,秋山稔樹,北出成人,ヒルノ,550,0402,07,小倉
2026062810020205,05,10,1200,17,10,701,06,6,2024101076,スマートポーション,02,2,吉村誠之,加藤公太,大川　徹,550,0970,09,小倉
2026062810020205,05,10,1200,17,10,701,07,7,2024102930,エルダークローネ,02,1,田山旺佑,西村真幸,京都ホースレーシング,530,0048,03,小倉
2026062810020205,05,10,1200,17,10,701,08,7,2024101015,クイーンズアイ,02,2,太宰啓介,昆貢　　,高村　勇一,550,0677,08,小倉
2026062810020205,05,10,1200,17,10,701,09,8,2024101140,キムケンシーサー,02,1,今村聖奈,前川恭子,木村　永浩,530,0228,04,小倉
2026062810020205,05,10,1200,17,10,701,10,8,2024106383,インディジャズ,02,2,西村淳也,高野友和,シルクレーシング,550,0016,01,小倉
2026062810020206,06,10,1200,17,11,701,01,1,2024108115,トシミチ,02,1,幸英明　,谷潔　　,サンデーヒルズ,550,0023,01,小倉
2026062810020206,06,10,1200,17,11,701,02,2,2024108085,グレートキリシマ,02,1,松若風馬,牧田和弥,西村　新一郎,550,0195,06,小倉
2026062810020206,06,10,1200,17,11,701,03,3,2024108118,スイトーヨ,02,2,川田将雅,角田晃一,犬塚　悠治郎,550,0025,02,小倉
2026062810020206,06,10,1200,17,11,701,04,4,2024108117,ユイノジカンカセギ,02,1,長岡禎仁,竹内正洋,由井　健太郎,550,0114,04,小倉
2026062810020206,06,10,1200,17,11,701,05,5,2024108061,ラブマイティー,02,2,杉原誠人,加藤和宏,オールラブクラブ,550,0721,09,小倉
2026062810020206,06,10,1200,17,11,701,06,6,2024108106,カシノヴィタ,02,2,森田誠也,和田雄二,柏木　務,520,1679,10,小倉
2026062810020206,06,10,1200,17,11,701,07,6,2024108110,カゴシマ,02,3,酒井学　,松山将樹,大瀧　啓之,550,0451,08,小倉
2026062810020206,06,10,1200,17,11,701,08,7,2024108111,ユイパルティ,02,2,永島まな,平田修　,森本　研太,530,0144,05,小倉
2026062810020206,06,10,1200,17,11,701,09,7,2024108113,プッシュザリミット,02,1,吉村誠之,柴田卓　,ＫＲジャパン,550,0395,07,小倉
2026062810020206,06,10,1200,17,11,701,10,8,2024108087,ニシノマティーニ,02,1,今村聖奈,小手川準,西山　茂行,530,0072,03,小倉
2026062810020206,06,10,1200,17,11,701,11,8,2024108091,カシノカゲマル,02,3,秋山稔樹,蛯名利弘,柏木　務,550,1910,11,小倉
2026062810020207,07,10,1000,24,10,005,01,1,2020103513,ナンヨークリスタル,06,3,泉谷楓真,松永幹夫,中村　徳也,580,0490,07,小倉
2026062810020207,07,10,1000,24,10,005,02,2,2023105367,ゴールデンバランス,03,1,松若風馬,杉山晴紀,草間　庸文,550,0031,02,小倉
2026062810020207,07,10,1000,24,10,005,03,3,2022107091,ルディシャ,04,1,藤懸貴志,森田直行,ＪＰＮ技研,580,2773,10,小倉
2026062810020207,07,10,1000,24,10,005,04,4,2023102036,アイカンアズーラ,03,2,酒井学　,河嶋宏樹,コージーレーシング,530,0065,04,小倉
2026062810020207,07,10,1000,24,10,005,05,5,2023103699,パドゼフィール,03,2,田山旺佑,新谷功一,Ｇ１レーシング,510,0044,03,小倉
2026062810020207,07,10,1000,24,10,005,06,6,2023101065,リアルアルバ,03,1,西塚洸二,大橋勇樹,水谷　光太郎,550,0505,08,小倉
2026062810020207,07,10,1000,24,10,005,07,7,2021107123,イイデカンタロウ,05,1,菱田裕二,北出成人,松本　俊廣,580,0743,09,小倉
2026062810020207,07,10,1000,24,10,005,08,7,2018103293,ヨドノゴールド,08,1,角田大和,橋田宜長,海原　聖一,580,0217,06,小倉
2026062810020207,07,10,1000,24,10,005,09,8,2021104671,ミライハーモニー,05,2,今村聖奈,飯田祐史,伊藤　篤,540,0030,01,小倉
2026062810020207,07,10,1000,24,10,005,10,8,2023104596,ペルセポネ,03,2,森田誠也,渡辺薫彦,カナヤマホールディングス,500,0085,05,小倉
2026062810020208,08,10,1800,17,09,005,01,1,2023104373,グランドオーパス,03,2,幸英明　,橋口慎介,前田　晋二,530,0023,02,小倉
2026062810020208,08,10,1800,17,09,005,02,2,2023103611,カモメガトンダ,03,2,松若風馬,今野貞一,谷掛　龍夫,530,0115,04,小倉
2026062810020208,08,10,1800,17,09,005,03,3,2022102550,メイショウピリカ,04,2,今村聖奈,本田優　,松本　好隆,540,0105,03,小倉
2026062810020208,08,10,1800,17,09,005,04,4,2022104824,エンベッカ,04,2,吉村誠之,柴田卓　,キャロットファーム,560,0134,05,小倉
2026062810020208,08,10,1800,17,09,005,05,5,2022102957,ヴィーナスバブル,04,2,田山旺佑,東田明士,浅沼　廣幸,540,0411,08,小倉
2026062810020208,08,10,1800,17,09,005,06,6,2022103705,エレガンシア,04,2,富田暁　,高柳大輔,広尾レース,560,0138,06,小倉
2026062810020208,08,10,1800,17,09,005,07,7,2022100655,レーヌマロン,04,2,角田大和,小栗実　,ロードホースクラブ,560,0599,09,小倉
2026062810020208,08,10,1800,17,09,005,08,8,2021103236,コンバットペスカ,05,2,国分優作,角田晃一,ユーモード,560,0384,07,小倉
2026062810020208,08,10,1800,17,09,005,09,8,2023107016,サリエンテ,03,2,西村淳也,池添学　,シルクレーシング,530,0022,01,小倉
2026062810020209,09,10,2600,17,00,010,01,1,2020102760,ビッグベルーガ,06,1,菱田裕二,牧浦充徳,谷掛　龍夫,580,0773,08,小倉
2026062810020209,09,10,2600,17,00,010,02,2,2018105073,サトノスカイターフ,08,1,吉村誠之,池江泰寿,里見　治,580,0383,07,小倉
2026062810020209,09,10,2600,17,00,010,03,3,2021105434,ショウナンガチ,05,1,酒井学　,須貝尚介,国本　哲秀,580,0119,06,小倉
2026062810020209,09,10,2600,17,00,010,04,4,2022105485,ボンドロア,04,1,角田大和,松永幹夫,寺田　寿男,580,0081,05,小倉
2026062810020209,09,10,2600,17,00,010,05,5,2021105002,サラトガチップス,05,1,田山旺佑,新谷功一,吉田　千津,580,0036,02,小倉
2026062810020209,09,10,2600,17,00,010,06,6,2022101601,ニュークレド,04,1,幸英明　,石坂公一,東豊物産,580,0060,03,小倉
2026062810020209,09,10,2600,17,00,010,07,7,2023105046,ナリタエスペランサ,03,1,川田将雅,福永祐一,オースミ,540,0023,01,小倉
2026062810020209,09,10,2600,17,00,010,08,8,2022104963,マテンロウシルビア,04,2,太宰啓介,四位洋文,寺田　千代乃,560,0073,04,小倉
2026062810020210,10,10,1700,24,00,010,01,1,2021100471,シンコーナホチャン,05,2,国分優作,畑端省吾,豊原　伸行,530,0000,00,小倉
2026062810020210,10,10,1700,24,00,010,02,1,2020106491,メイショウジェンマ,06,1,今村聖奈,飯田祐史,松本　好隆,540,0000,00,小倉
2026062810020210,10,10,1700,24,00,010,03,2,2022110152,レーティッシュ,04,1,川田将雅,高橋一哉,ノースヒルズ,570,0000,00,小倉
2026062810020210,10,10,1700,24,00,010,04,2,2020106205,メイショウクーガー,06,1,中井裕二,中内田充,松本　好隆,550,0000,00,小倉
2026062810020210,10,10,1700,24,00,010,05,3,2022103135,コウジョリョウゾク,04,1,森田誠也,牧田和弥,内田　玄祥,530,0000,00,小倉
2026062810020210,10,10,1700,24,00,010,06,3,2020102326,サンライズプルート,06,1,角田大和,東田明士,ライフハウス,530,0000,00,小倉
2026062810020210,10,10,1700,24,00,010,07,4,2022103186,テーオーライマン,04,1,西村淳也,宮徹　　,小笹　公也,560,0000,00,小倉
2026062810020210,10,10,1700,24,00,010,08,4,2021104622,メイショウヘール,05,1,酒井学　,大橋勇樹,松本　好隆,540,0000,00,小倉
2026062810020210,10,10,1700,24,00,010,09,5,2021105736,カルパ,05,1,田山旺佑,須貝尚介,金子真人ホールディングス,560,0000,00,小倉
2026062810020210,10,10,1700,24,00,010,10,5,2022104413,マハートマーベル,04,1,吉村誠之,西村真幸,宮崎　俊也,560,0000,00,小倉
2026062810020210,10,10,1700,24,00,010,11,6,2021103002,アラナコア,05,1,菱田裕二,田中克典,ＣＨＥＶＡＬ　ＡＴＴＡＣＨＥ,560,0000,00,小倉
2026062810020210,10,10,1700,24,00,010,12,6,2022104121,カウンティフェア,04,2,長岡禎仁,高野友和,飯田　正剛,530,0000,00,小倉
2026062810020210,10,10,1700,24,00,010,13,7,2022104120,コスモストーム,04,1,秋山稔樹,北出成人,コスモ・コスモ,570,0000,00,小倉
2026062810020210,10,10,1700,24,00,010,14,7,2020103967,グレイスオブゴッド,06,2,永島まな,緒方努　,キャピタルクラブ,520,0000,00,小倉
2026062810020210,10,10,1700,24,00,010,15,8,2021105711,ズバットマサムネ,05,3,富田暁　,杉山佳明,塩澤　正樹,540,0000,00,小倉
2026062810020210,10,10,1700,24,00,010,16,8,2021103939,スマートプレシャス,05,2,松若風馬,中村直也,大川　徹,520,0000,00,小倉
2026062810020211,11,10,1200,17,00,016,01,1,2021103977,リチャードバローズ,05,1,菱田裕二,上村洋行,猪熊　広次,540,0000,00,小倉
2026062810020211,11,10,1200,17,00,016,02,2,2022102514,ベイビーキッス,04,2,藤懸貴志,青木孝文,江川　伸夫,530,0000,00,小倉
2026062810020211,11,10,1200,17,00,016,03,3,2021107180,ジュンヴァンケット,05,3,富田暁　,友道康夫,河合　純二,550,0000,00,小倉
2026062810020211,11,10,1200,17,00,016,04,4,2021100157,ロードトレイル,05,1,田山旺佑,藤岡健一,ロードホースクラブ,550,0000,00,小倉
2026062810020211,11,10,1200,17,00,016,05,5,2018104633,テーオーダヴィンチ,08,1,幸英明　,岡田稲男,小笹　公也,550,0000,00,小倉
2026062810020211,11,10,1200,17,00,016,06,6,2022100547,アサクサグレース,04,2,杉原誠人,加藤公太,櫻井　素子,540,0000,00,小倉
2026062810020211,11,10,1200,17,00,016,07,7,2022100791,ブラックケリー,04,2,西村淳也,長谷川浩,水谷　美穂,530,0000,00,小倉
2026062810020211,11,10,1200,17,00,016,08,8,2021101412,スカイハイ,05,1,川田将雅,清水久詞,石川　達絵,570,0000,00,小倉
2026062810020212,12,10,1700,24,00,005,01,1,2023102836,ミランド,03,1,西村淳也,小林真也,平川　三津,550,0000,00,小倉
2026062810020212,12,10,1700,24,00,005,02,1,2023103213,バロニアル,03,1,藤懸貴志,柴田卓　,小林　竜太郎,550,0000,00,小倉
2026062810020212,12,10,1700,24,00,005,03,2,2023106788,アンティーム,03,1,国分恭介,高橋義忠,京都ホースレーシング,550,0000,00,小倉
2026062810020212,12,10,1700,24,00,005,04,2,2022104205,ブルーカミング,04,1,柴田裕一,牧浦充徳,桜井　欣吾,560,0000,00,小倉
2026062810020212,12,10,1700,24,00,005,05,3,2021101464,ミッションルース,05,1,永島まな,平田修　,大島　昌也,560,0000,00,小倉
2026062810020212,12,10,1700,24,00,005,06,3,2022104176,チャチャピンク,04,1,亀田温心,北出成人,ウエストヒルズ,580,0000,00,小倉
2026062810020212,12,10,1700,24,00,005,07,4,2022106998,ニシノジェダイ,04,1,田山旺佑,宮本博　,西山　茂行,560,0000,00,小倉
2026062810020212,12,10,1700,24,00,005,08,4,2023103092,セルジュバローズ,03,1,吉村誠之,池江泰寿,猪熊　広次,550,0000,00,小倉
2026062810020212,12,10,1700,24,00,005,09,5,2020102728,ポルトドール,06,1,角田大和,小栗実　,Ｇ１レーシング,580,0000,00,小倉
2026062810020212,12,10,1700,24,00,005,10,5,2023107371,クイノールト,03,1,幸英明　,橋口慎介,吉田　勝己,550,0000,00,小倉
2026062810020212,12,10,1700,24,00,005,11,6,2023105708,バトゥカーダ,03,1,秋山稔樹,安達昭夫,京都ホースレーシング,550,0000,00,小倉
2026062810020212,12,10,1700,24,00,005,12,6,2023100297,ブラックレジェンド,03,1,今村聖奈,寺島良　,ＴＧレーシング,530,0000,00,小倉
2026062810020212,12,10,1700,24,00,005,13,7,2022102916,モズプリヴェール,04,1,松若風馬,森田直行,北側　雅司,580,0000,00,小倉
2026062810020212,12,10,1700,24,00,005,14,7,2022101473,ライラックデューン,04,2,長岡禎仁,緒方努　,三宅　勝俊,560,0000,00,小倉
2026062810020212,12,10,1700,24,00,005,15,8,2022102639,ロードシュヴァリエ,04,1,太宰啓介,森田直行,ロードホースクラブ,580,0000,00,小倉
2026062810020212,12,10,1700,24,00,005,16,8,2022107248,ルシャリオ,04,1,西塚洸二,森田直行,ターフ・スポート,580,0000,00,小倉
